step,rmse
0,0.943823
1,0.254531
2,0.138948
3,0.03
4,0.083281
5,0.099602
6,0.13223
7,0.155393
8,0.178683
9,0.198505
10,0.216954
